Title,URL
Arsenal FC - Have Gunners fans got their Arsenal back under Unai Emery? - BBC Sport,https://www.youtube.com/watch?v=nmHh0KaJdaY
What is panna? Jack Downer explains the art of the nutmeg - The Premier League Show - BBC Sport,https://www.youtube.com/watch?v=2WV6mVxazQw
"First kisses, zombie apocalypse survival & spiders - Random questions with GB Gymnasts  - BBC Sport",https://www.youtube.com/watch?v=SZoCWBdCzpY
"Pep Guardiola: The six songs that define my life, love, football and family - BBC Sport",https://www.youtube.com/watch?v=bJMnHkd5UYs
"Ronaldo, Chiellini, Mandzukic - Is this the best Juventus team of all time? - BBC Sport",https://www.youtube.com/watch?v=q5eGDpYaZBU
The Premier League Show: Five common myths about goalkeeping - BBC Sport,https://www.youtube.com/watch?v=OGiEBsrDjaM
Man Utd? Chelsea? Arsenal? City? Which is the Premier League's best ever team? - BBC Sport,https://www.youtube.com/watch?v=cB_0jCpOq0Q
Weird workouts with Anthony Joshua and Billy Morgan - BBC Sport,https://www.youtube.com/watch?v=zggFRqgn6Wc
Croatia v England - 1000 miles without a ticket - BBC Sport,https://www.youtube.com/watch?v=CUC_EaWeJzs
In Real Life: What female football fans are bored of hearing - BBC Sport,https://www.youtube.com/watch?v=vfBGfLku7NA
"Nadia Atique: The fashion designer inspired by Liverpool FC, Mo Salah & Jurgen Klopp - BBC Sport",https://www.youtube.com/watch?v=Fim9JqazRbs
In Real Life: Why people love yoga despite the awkward moments - BBC Sport,https://www.youtube.com/watch?v=89xoxbPb2v8
Have Newcastle's 'Ashley generation' had enough? - BBC Sport,https://www.youtube.com/watch?v=VLEPKhjeFtw
In Real Life: Typical 5-a-side football players - BBC Sport,https://www.youtube.com/watch?v=Eyto69rUbbs
In Real Life: The best & worst of 5-a-side football - BBC Sport,https://www.youtube.com/watch?v=H_N81xsulyY
"The Garms Dealer - Teen SM Creps sells to Paul Pogba, Dele Alli & Kevin de Bruyne - BBC Sport",https://www.youtube.com/watch?v=BtVFjZCqlg8
In Real Life: Gym selfies - what people really think - BBC Sport,https://www.youtube.com/watch?v=0cPPmtWTaK0
England's Harry Kane & Eric Dier learn how to beat NFL defenders - BBC Sport,https://www.youtube.com/watch?v=aR3VO2ITRdM
In Real Life: Which type of gym-goer are you? - BBC Sport,https://www.youtube.com/watch?v=RPtwDqmLF7I
KSI v Logan Paul: The biggest fight of 2018 so far? - BBC Sport,https://www.youtube.com/watch?v=gk5qeJFTqto
"New Premier League Rules: WWE walk-ons, nutmegs count double & 'shirts v skins' - BBC Sport",https://www.youtube.com/watch?v=e5dBxnGeK48
TDD: Sergio Ramos to Arsenal? Love Island’s Jack Fowler takes our Transfer Deadline Date- BBC Sport,https://www.youtube.com/watch?v=GxTKmpS_dEY
The Open: Golfer Andrew 'Beef' Johnston trains with boxer Dillian Whyte - BBC Sport,https://www.youtube.com/watch?v=_bAAYBaOxE4
Tennis v Football Freestyle battle – Wimbledon 2018 – BBC Sport,https://www.youtube.com/watch?v=BGxBl26vWsc
World Cup Gossip: England fans descend on Moscow - BBC Sport,https://www.youtube.com/watch?v=BkRR79QjdiI
World Cup 2018: The making of France's Paul Pogba - World Cup Origins - BBC Sport,https://www.youtube.com/watch?v=2SqNA9yP-bA
Tennis or football? - Wimbledon 2018 - BBC Sport,https://www.youtube.com/watch?v=CAPiGvV0F0Y
Didier Drogba: Why 'it's coming home' for England - World Cup 2018 - BBC Sport,https://www.youtube.com/watch?v=6x2JlEWvKVI
World Cup 2018: The making of Belgium's Kevin de Bruyne - World Cup Origins - BBC Sport,https://www.youtube.com/watch?v=RTuG-DNnO30
Korobka: Inside Russia's football cages with no refs and no rules - World Cup 2018 - BBC Sport,https://www.youtube.com/watch?v=Q7uApE_gi5s
What is mate and why do so many footballers drink it? - World Cup 2018 - BBC Sport,https://www.youtube.com/watch?v=RFnZ7pp4zw4
World Cup Gossip: How should England approach Belgium game? - BBC Sport,https://www.youtube.com/watch?v=0CW61MY4wMc
Lionel Messi: GOAT or human? Pablo Zabaleta knows - World Cup 2018 - BBC Sport,https://www.youtube.com/watch?v=o10WNnkUcb4
"World Cup 2018: Mascot Zabivaka dance-off v Antoine Griezmann, Jesse Lingard & Dele Alli - BBC Sport",https://www.youtube.com/watch?v=_A4Iwnge-IM
On My Head: MOTD pundits face off - World Cup 2018 - BBC Sport,https://www.youtube.com/watch?v=WzWWKjIR5hA
"World Cup Gossip: Surprise package, golden boot & best defender at Russia 2018? - BBC Sport",https://www.youtube.com/watch?v=aNT1qlt2X3o
"World Cup 2018: Cristiano Ronaldo, Paul Pogba, Mo Salah, Kroos & Griezmann in 360 - BBC Sport",https://www.youtube.com/watch?v=Jtol-fRdHDw
"World Cup 2018: Cesc Fabregas spills beans on Spain's Isco, Diego Costa, Iniesta & Pique - BBC Sport",https://www.youtube.com/watch?v=jxVZhJK77QI
David Vujanic predicts the World Cup winners & Raheem Sterling's Gazza moment - BBC Sport,https://www.youtube.com/watch?v=nUBAFUczqGk
World Cup 2018: The making of England's Harry Kane - World Cup Origins - BBC Sport,https://www.youtube.com/watch?v=uy9NhTQMFYk
What would happen if England actually won the World Cup? - BBC Sport,https://www.youtube.com/watch?v=wQFTeF74dyY
World Cup 2018: The making of Uruguay's Luis Suarez - World Cup Origins - BBC Sport,https://www.youtube.com/watch?v=EmT9hu9bmeQ
"World Cup 2018 Gossip: Spain sacking, hungry Ronaldo & Kilbane's consoles - BBC Sport",https://www.youtube.com/watch?v=71-kSdAVe1U
World Cup 2018: Andrey Arshavin wants to take Cesc Fabregas to a Russian nightclub - BBC Sport,https://www.youtube.com/watch?v=jfuYhlUTAv8
A history of World Cup footballs 1930-2018 - with freestyle world champion Liv Cooke - BBC Sport,https://www.youtube.com/watch?v=gx2D_CYcZDg
"Fabregas, Lampard & Drogba: BBC 'announces' superstar World Cup signings - BBC Sport",https://www.youtube.com/watch?v=v-QvnpXKUsc
How do you win a World Cup? Young Lions Kyle Walker-Peters & Ainsley Maitland-Niles know - BBC Sport,https://www.youtube.com/watch?v=GmLvX5hFe_I
FA Cup Stories: Chelsea v Man Utd - A tale of two fans - BBC Sport,https://www.youtube.com/watch?v=yOBGHupRj0Y
Fifa World Cup 2018 launch trailer - BBC Sport,https://www.youtube.com/watch?v=WBxwX1myxqc
FA Cup final date: Chelsea v Man Utd - BBC Sport,https://www.youtube.com/watch?v=sMEV5HkgWbk
West Ham United: The verdict on controversial move to London Stadium - BBC Sport,https://www.youtube.com/watch?v=MvaXOZzLADA
Derby Dates: Man City v Man Utd - Can love conquer football rivalries? - BBC Sport,https://www.youtube.com/watch?v=wjsIiswJXpE
Derby Dates: Everton v Liverpool - Can love conquer football rivalries? - BBC Sport,https://www.youtube.com/watch?v=wNkIuzbJpxA
'Who is the fastest player at Manchester United?' Tekkerz Kid meets Marcus Rashford - BBC Sport,https://www.youtube.com/watch?v=UngIvLJKSz0
Krept & Konan's fantasy football team has Stormzy in goal - BBC Sport,https://www.youtube.com/watch?v=JVU6-cpi8LM
Winter Olympics: How to train like a Team GB bobsledder - BBC Sport,https://www.youtube.com/watch?v=kUskY1N2iUU
Winter Olympics: Team GB heroes Lizzy Yarnold & Laura Deas take our skeleton quiz - BBC Sport,https://www.youtube.com/watch?v=uNVfMhniLtw
Winter Olympics: Team GB stars put their South Korea knowledge to the test - BBC Sport,https://www.youtube.com/watch?v=BVA1BbR5imE
Winter Olympics: Watching short track speed skating in South Korea - BBC Sport,https://www.youtube.com/watch?v=F1zY2jywdTQ
Life as an NFL cheerleader with the Philadelphia Eagles - BBC Sport,https://www.youtube.com/watch?v=ARC8T1x0OY0
"Winter Olympics: 'Cherry, cherry pow pow!' and other snowboarding slang - BBC Sport",https://www.youtube.com/watch?v=jdG0PFpxwTc
Winter Olympics: Millennials react to classic Team GB moments - BBC Sport,https://www.youtube.com/watch?v=ILkqjFRj6yU
Winter Olympics: Rowan Cheshire is Team GB's tattoo-addicted halfpipe hopeful - BBC Sport,https://www.youtube.com/watch?v=qv7axZbTv14
Winter Olympics 2018 on the BBC - The Fearless Are Here - BBC Sport,https://www.youtube.com/watch?v=fIZ_sax4aQ8
Ski Sunday's Graham Bell & Chemmy Alcott race Stockholm City Slalom - BBC Sport,https://www.youtube.com/watch?v=_j_86y_8Eic
Winter Olympics: Is Andrew Musgrave Britain's toughest sportsman? - BBC Sport,https://www.youtube.com/watch?v=WQgJZxJa5QQ
Winter Olympics: Team GB's Elise Christie is a big deal in South Korea - BBC Sport,https://www.youtube.com/watch?v=DnvyVFFOhn0
Six Nations: England's Maro Itoje tells the story of his first ever call-up - BBC Sport,https://www.youtube.com/watch?v=jxndXpyAxGw
Super Bowl LII: How to survive a Super Bowl in sub-zero Minneapolis - BBC Sport,https://www.youtube.com/watch?v=sjL7mZdf41s
New England Patriots v Philadelphia Eagles: Five silly ways to predict the Super Bowl - BBC Sport,https://www.youtube.com/watch?v=qvRfIxDbX84
"Underdogs, Justin Timberlake & Jay Ajayi's party at the Super Bowl - BBC Sport",https://www.youtube.com/watch?v=F3f7p0NK0A8
FA Cup & chill - Poet & Vuj take on Lawro in predictions - BBC Sport,https://www.youtube.com/watch?v=SjPeZ853s68
NBA London: Legends dunking competition...with biscuits - BBC Sport,https://www.youtube.com/watch?v=m_vs6O3H6LM
How to workout like Olympic champion Sam Quek...in 5 minutes - BBC Sport,https://www.youtube.com/watch?v=8oa1dv1AEXU
Team GB's Sam Quek: How to eat like an Olympic champion - BBC Sport,https://www.youtube.com/watch?v=Jhy7qyRFYCg
Katie McDonnell parkour routine: Putting your email out-of-office on for Christmas - BBC Sport,https://www.youtube.com/watch?v=LNhhSf8R9-E
Jamie Nicholls and Tim Warwood check out the UK dryslope scene - BBC Sport,https://www.youtube.com/watch?v=3acIzynAeBI
The #SPOTY Social,https://www.youtube.com/watch?v=L0ePbn0RHjU
Which celebrities have been tweeting our SPOTY 2017 stars? Part 2 - BBC Sport,https://www.youtube.com/watch?v=GudH0h8HI0A
Manchester Derby: Could City leave rivals United behind? - BBC Sport,https://www.youtube.com/watch?v=nCbA1f8NZq0
#SPOTY2017 candidates guess which celebrities tweeted about them - BBC Sport,https://www.youtube.com/watch?v=Gb1r_CqPWDk
"The boot artist designing for Lukaku, Aubameyang, Drogba and Ronaldinho - BBC Sport",https://www.youtube.com/watch?v=phzFySOWVSg
"The Ashes: Can England's Moeen Ali, Jonny Bairstow & Chris Woakes play street cricket? - BBC Sport",https://www.youtube.com/watch?v=SZdp82MmiGA
Manchester United? Liverpool? Oldham? Can you have a day at the football for £35? - BBC Sport,https://www.youtube.com/watch?v=gY_achozroM
"Ancelotti, Giggs or Dyche at Everton? Three Toffees debate next manager - BBC Sport",https://www.youtube.com/watch?v=quh-vjzha6M
NFL players react to UK viral moments from 2017 - BBC Sport,https://www.youtube.com/watch?v=I92rvuwz6tA
Anthony Joshua: Three gym-loving lads try to match AJ's workout - BBC Sport,https://www.youtube.com/watch?v=suT-vG1kwJo
Team-mates' Tweets: England's Jill Scott & Siobhan Chamberlain - BBC Sport,https://www.youtube.com/watch?v=h9Q5J7tXFT4
"Kevin de Bruyne, Kyle Walker and Ilkay Gundogan get their food cooked by this guy -  BBC Sport",https://www.youtube.com/watch?v=KAjpZ9wNlZk
How life improves with record-breaking race walker Tom Bosworth - BBC Sport,https://www.youtube.com/watch?v=KdmhAuuegvM
Why Manchester City have linked up with Spanish club Girona - BBC Sport,https://www.youtube.com/watch?v=W-DJrJhi4x4
Yannick Bolasie's rap battle with 10-year-old schoolgirl - BBC Sport,https://www.youtube.com/watch?v=Mv2mkLWjC7g
How is Jurgen Klopp doing at Liverpool? Fans and experts' verdict - BBC Sport,https://www.youtube.com/watch?v=Ad07gml6ntQ
Reasons to be cheerful about England qualifying for World Cup 2018 - BBC Sport,https://www.youtube.com/watch?v=02b6Qqn1MGw
"The man that cuts Dele Alli, Kyle Walker and Alex Oxlade-Chamberlain's hair - BBC Sport",https://www.youtube.com/watch?v=jvyJSjDsyeo
Peter Crouch is super honest about being a substitute - BBC Sport,https://www.youtube.com/watch?v=TkRP3kIyoe4
Speed climber Will Bosi races milk-drinkers & biscuit-eaters - BBC Sport,https://www.youtube.com/watch?v=oVs6zcgaQdc
England's Fran Kirby plays 'kerby' with Lionesses team-mate Millie Bright - BBC Sport,https://www.youtube.com/watch?v=jxmpMP2Jl3E
Pape Soare: The Premier League footballer 'lucky to be alive' - BBC Sport,https://www.youtube.com/watch?v=HcUcUle-l7E
Which NFL player is most like Cristiano Ronaldo? - BBC Sport,https://www.youtube.com/watch?v=qcbQCwyFYFI
Team-mates' Tweets: Newcastle United's Jacob Murphy - BBC Sport,https://www.youtube.com/watch?v=sjpn7yC7nTc
Match of the Day's Premier League all-time XI - BBC Sport,https://www.youtube.com/watch?v=7hOaSFP3n0A
Can NFL players play 'proper football'? - BBC Sport,https://www.youtube.com/watch?v=J85V71smwgA
Team-mates' Tweets: Peter Crouch reveals Stoke's Mario Kart king - BBC Sport,https://www.youtube.com/watch?v=3KwA8odlCkA
Transfer Deadline Date: Arsenal fan Marcel from Love Island is #WengerOut - BBC Sport,https://www.youtube.com/watch?v=EIfj6sv18CE
Team-mates' Tweets with Chelsea's Gary Cahill and David Luiz - BBC Sport,https://www.youtube.com/watch?v=jfhcziUyOQw
Celebrity Sledging: Love Island's Marcel v Made In Chelsea's Jamie - BBC Sport,https://www.youtube.com/watch?v=_NW5s0F-CLw
'There's only one Conor McGregor': Mick Konstantin live in Las Vegas - BBC Sport,https://www.youtube.com/watch?v=oUtXp2pGk5A
Conor McGregor's Irish fans descend on Las Vegas for the weigh-ins - BBC Sport,https://www.youtube.com/watch?v=vTkmg5BIBn0
Islam Badurgov: The 'Kazakh Conor McGregor' cashing in on the pre-fight hype - BBC Sport,https://www.youtube.com/watch?v=MkiwQRG8h8o
Al Foran: The case for Conor McGregor by (not the real) Conor McGregor - BBC Sport,https://www.youtube.com/watch?v=t6-sLh_O3JA
Rants N Bants: McGregor has no chance against Mayweather - BBC Sport,https://www.youtube.com/watch?v=_o5g8b-E_jo
Floyd Mayweather v Conor McGregor: 'I've never experienced anything like this' - BBC Sport,https://www.youtube.com/watch?v=5LvhMynu0A0
Floyd Mayweather v Conor McGregor: The fighters' styles explained - BBC Sport,https://www.youtube.com/watch?v=H1CG04HORhs
Floyd Mayweather v Conor McGregor: The trash talk has been epic - BBC Sport,https://www.youtube.com/watch?v=Ni6dkOYSriE
"Ian Wright's predictions: Guardiola, Matic & Liverpool - BBC Sport",https://www.youtube.com/watch?v=3Jima92fJFs
"Danny Murphy's predictions: Man Utd, Lukaku & Huddersfield - BBC Sport",https://www.youtube.com/watch?v=NA4nGZIpoGI
"Alan Shearer's predictions: Man Utd, Kane & Bernardo Silva - BBC Sport",https://www.youtube.com/watch?v=NaR8LS2CYSQ
The Premier League's 25 years in five haircuts - BBC Sport,https://www.youtube.com/watch?v=s2sOWsbOjQc
#MOTD Analysis: Manchester United 4-0 West Ham - BBC Sport,https://www.youtube.com/watch?v=WaMitqElVL8
GB athletes test their voices with 'Silent Karaoke' - BBC Sport,https://www.youtube.com/watch?v=5KwUGNGETrU
World Athletics Championships: Solomon O.B's ode to London 2017 - BBC Sport,https://www.youtube.com/watch?v=dUKLZwT5dGQ
When Usain Bolt partied with Sean Paul - BBC Sport,https://www.youtube.com/watch?v=NLMHfmdhbzQ
"Great Britain's 4x100m relay team talk Love Island, skydiving and pizza toppings - BBC Sport",https://www.youtube.com/watch?v=51DFxdNw_3A
How to work out like Olympic breaststroke champion Adam Peaty - BBC Sport,https://www.youtube.com/watch?v=6teo8XTuDRA
Wimbledon 2017: The best of #bottletopple - BBC Sport,https://www.youtube.com/watch?v=tj6VisqusqA
"BBC Test Match Special Audio - England v South Africa, day four, second Test",https://www.youtube.com/watch?v=odLjWl35MCk
"Wimbledon 2017: Roger Federer, Rafa Nadal & Angelique Kerber show off drawing skills - BBC Sport",https://www.youtube.com/watch?v=AtKklefDPy8
"BBC Test Match Special Audio - England v South Africa, day three, second Test",https://www.youtube.com/watch?v=2mTiu74rqy8
"BBC Test Match Special Audio - England v South Africa, day two, second Test",https://www.youtube.com/watch?v=Yl1IFcn6qC0
Wimbledon 2017: Olly Murs and Louisa Johnson go head-to-head - BBC Sport,https://www.youtube.com/watch?v=QuFVJIGFC24
Wimbledon 2017: Spectacular bottle topple at Eastnor Castle - BBC Sport,https://www.youtube.com/watch?v=GDHi5HUXvNs
Wimbledon 2017: NFL's Osi Umenyiora touches down - BBC Sport,https://www.youtube.com/watch?v=wU_0G7dLY7k
"Wimbledon 2017: Joe Lycett, Greg James, A.Dot & Nick Bright play 'What the Deuce' - BBC Sport",https://www.youtube.com/watch?v=FFyHOecbCGg
Wimbledon 2017: How to serve with Kristyna Pliskova - BBC Sport,https://www.youtube.com/watch?v=4VHmziRYU3I
Wimbledon 2017: Chris Eubank gives bizarre interview - BBC Sport,https://www.youtube.com/watch?v=TUanpGJRsvk
"BBC Test Match Special Audio - England v South Africa, day four, first Test",https://www.youtube.com/watch?v=k0bnDi2InBw
"BBC Test Match Special Audio - England v South Africa, day three, first Test",https://www.youtube.com/watch?v=xR7iP-loIjY
Wayne Rooney: Is a return for the striker good for Everton? Two Toffees can't agree - BBC Sport,https://www.youtube.com/watch?v=tqkWbBHgW2U
Wimbledon 2017: Andy Murray answers hilarious questions from kids - BBC Sport,https://www.youtube.com/watch?v=rkq1pylMW_Q
"Wimbledon 2017: Petra Kvitova, Novak Djokovic & Rafael Nadal have fun with filters - BBC Sport",https://www.youtube.com/watch?v=O0jO1dMp848
"BBC Test Match Special Audio - England v South Africa, 3rd Twenty20",https://www.youtube.com/watch?v=As-0LIce__8
"BBC Test Match Special Audio - England v South Africa, 2nd Twenty20",https://www.youtube.com/watch?v=b99gItfVb5o
Racing driver v Snowboarder: Who's faster? - BBC Sport,https://www.youtube.com/watch?v=V9bCPp8SBVc
Should surfing really be an Olympic sport? - BBC Sport,https://www.youtube.com/watch?v=PE9izwSvpzY
Will Ian Wright have to wear a Chelsea shirt to Wembley? - BBC Sport,https://www.youtube.com/watch?v=IH6kVonQZjg
FA Cup Final: The Road to Wembley in 360 - BBC Sport,https://www.youtube.com/watch?v=t9NJqqA4vHw
Has Liverpool's season been a success? - Match of the Day 3 - BBC Sport,https://www.youtube.com/watch?v=HZ7ztuzHevc
Who will make the top four? - Match of the Day 3 - BBC Sport,https://www.youtube.com/watch?v=da6-5T_JcMQ
"Spurs on the up, Arsenal look mid-table - Match of the Day 3 - BBC Sport",https://www.youtube.com/watch?v=hD1qGhSx4hE
"Nine trick shots, six sports, one snooker table - BBC Sport",https://www.youtube.com/watch?v=h6QMHKkdWu4
Is the title race ON? - Match of the Day 3 - BBC Sport,https://www.youtube.com/watch?v=5qsj86hizsI
Does Lukaku need to work harder? - Match of the Day 3 - BBC Sport,https://www.youtube.com/watch?v=lwzAGuZjx3A
Arsenal will soon struggle to compete with the big boys - Match of the Day 3 - BBC Sport,https://www.youtube.com/watch?v=eUl8D4wzKiE
Happy Mother's Day from James DeGale - BBC Sport,https://www.youtube.com/watch?v=CpYqURdNtJk
Arsene Wenger: Time to go at Arsenal? - BBC Sport,https://www.youtube.com/watch?v=XiLCiA3184M
Match of the Day 3: Why was Man City v Liverpool 'superb'? - BBC Sport,https://www.youtube.com/watch?v=4MDzf0IfhWo
Who would make Blossoms' fantasy football band? - BBC Sport,https://www.youtube.com/watch?v=5d-M2hdF8uU
From university graduate to FA Cup hero - BBC Sport,https://www.youtube.com/watch?v=6ld2QYE38cQ
Katie Ormerod: A day in the life of a freestyle snowboarder - BBC Sport,https://www.youtube.com/watch?v=ddyYwUvI3kM
Swansea's amazing turnaround: how has it happened? - BBC Sport,https://www.youtube.com/watch?v=nkcNU2MUUX4
What's going wrong at Leicester? - Match of the Day 3 - BBC Sport,https://www.youtube.com/watch?v=mRugntvm13A
Jose Mourinho WALKS OUT of BBC interview - BBC Sport,https://www.youtube.com/watch?v=WDuYb-M62Og
The craziness of Super Bowl's opening night - BBC Three on BBC Sport,https://www.youtube.com/watch?v=p49goKVgOWM
Could Nicola Adams headline Las Vegas?- BBC Sport,https://www.youtube.com/watch?v=_NYAf5SgaHw
Footballers' funniest tweets - BBC Sport,https://www.youtube.com/watch?v=QtVnZMMICtc
How Facebook Live went wrong for NFL's Antonio Brown - BBC Sport,https://www.youtube.com/watch?v=b87vZf-MZyw
Everyone's Talking About Diego Costa - BBC Sport,https://www.youtube.com/watch?v=U9PBc-qiy8o
Internet reacts to new Juventus badge - BBC Sport,https://www.youtube.com/watch?v=5udBZlsikCE
Who won the tactical battle between Mourinho & Klopp? - BBC Sport,https://www.youtube.com/watch?v=xpw985eWaJE
Scorcher's Spurs rap - BBC Sport,https://www.youtube.com/watch?v=XJ56NSwtrgw
Fans' verdict on record-breaker Wayne Rooney - BBC Sport,https://www.youtube.com/watch?v=MIb5Kh0SvOg
Five-year-old Bradley wins Match of the Day goal award - BBC Sport,https://www.youtube.com/watch?v=pUhb8v44hnc
Tom Daley meets Robbie Williams - BBC Sport,https://www.youtube.com/watch?v=WCywBH1Qb08
360 video - On the red carpet at Sports Personality - BBC Sport,https://www.youtube.com/watch?v=TRWmzidFE18
Sports Personality: Lutalo Muhammad's awesome red carpet vlog - BBC Sport,https://www.youtube.com/watch?v=Yc4l83K0tQY
Terminally ill Sunderland fan Bradley scores against Chelsea - BBC Sport,https://www.youtube.com/watch?v=XpRRLg7gRfg
Can F1 champion Nico Rosberg change a flat tyre? - BBC Sport,https://www.youtube.com/watch?v=Ke0eVhQ_iqY
Has Mourinho found his best Manchester United line-up? - Match of the Day 3 - BBC Sport,https://www.youtube.com/watch?v=mDWxp9Wx_js
Everyone's Talking About Man City's dodgy defence - BBC Sport,https://www.youtube.com/watch?v=82WHOsEYTP0
Did you know Britain has a karate world champion? - BBC Sport,https://www.youtube.com/watch?v=-FakVZfW3PE
"Team GB talk about style, their bodies and dancing feat. Meg Says - BBC Sport",https://www.youtube.com/watch?v=zZECMQw02UU
Everyone's Talking About Alexis Sanchez - BBC Sport,https://www.youtube.com/watch?v=tp8PCliysos
How newsagent Jarrett Rivers tasted FA Cup glory - BBC Sport,https://www.youtube.com/watch?v=VgXC4ZTSD2c
Everyone's Talking About Swansea 5-4 Crystal Palace - BBC Sport,https://www.youtube.com/watch?v=K4A87Wl_Mcs
Are Arsenal missing Jack Wilshere? - Match of the Day 3 -  BBC Sport,https://www.youtube.com/watch?v=kKeLf1sGKnQ
The boy playing American football with no legs - BBC Sport,https://www.youtube.com/watch?v=rAIsA7soP28
Formula 1: How does a driver's mind work? - BBC Sport,https://www.youtube.com/watch?v=eYVj2FyeG5U
The making of Andre Ayew - BBC Sport,https://www.youtube.com/watch?v=2bLyVJzX2UE
The making of Sadio Mane - BBC Sport,https://www.youtube.com/watch?v=b6ExD5HJu9w
The making of Riyad Mahrez - BBC Sport,https://www.youtube.com/watch?v=TX880ZqSNhw
The making of Pierre-Emerick Aubameyang - BBC Sport,https://www.youtube.com/watch?v=kfKMXw3uNLY
The making of Yaya Toure - BBC Sport,https://www.youtube.com/watch?v=pL0abjFiSaY
The NFL Show's Osi Umenyiora meets Arsenal's Alex Scott - BBC Sport,https://www.youtube.com/watch?v=N80LMzhCyoQ
Is this Victor Moses' moment? - Match of the Day 3 - BBC Sport,https://www.youtube.com/watch?v=qHcLGO5mJss
Everyone's Talking About Yaya Toure - BBC Sport,https://www.youtube.com/watch?v=ICUb3iPCmEw
Football Focus does the Mannequin Challenge - BBC Sport,https://www.youtube.com/watch?v=Vl8F0LDFR4g
NFL's Osi Umenyiora learns how to play cricket with Jason Roy - BBC Sport,https://www.youtube.com/watch?v=wsynJ83vKDQ
Are Liverpool surprising fans? - Match of the Day 3 - BBC Sport,https://www.youtube.com/watch?v=Wlf0AK9mkq4
NFL's Osi takes on Stoke's Cameron and Arnautovic - BBC Sport,https://www.youtube.com/watch?v=9Bxhqcm430I
How to be an FA Cup hero - BBC Sport,https://www.youtube.com/watch?v=YpeOFzX-KbE
The NFL Show's Osi Umenyiora takes on West Ham's Adrian - BBC Sport,https://www.youtube.com/watch?v=fTW4_8Ban8M
Time for Everton's Ross Barkley to grow up? - Match of the Day 3 - BBC Sport,https://www.youtube.com/watch?v=nk_mnNe_-J0
Formula 1: How have F1 cockpits evolved? - BBC Sport,https://www.youtube.com/watch?v=EgTyN6Rnqig
How did Chelsea beat Manchester United? - Match of the Day 3 - BBC Sport,https://www.youtube.com/watch?v=hAbr0kFnpHA
From Man Utd to New York City FC: Meet Jack Harrison - BBC Sport,https://www.youtube.com/watch?v=yeA3Yflg0lM
Danni Wyatt: Diary of an England cricketer - BBC Sport,https://www.youtube.com/watch?v=VSl7Mi7In3o
How Vince Lombardi inspired Crystal Palace manager Alan Pardew - BBC Sport,https://www.youtube.com/watch?v=ttBY1AjWhM0
Liverpool v Man Utd rivalry: A history - BBC Sport,https://www.youtube.com/watch?v=g50gf6JLVgU
Burnley's Tom Heaton learns to catch NFL-style - BBC Sport,https://www.youtube.com/watch?v=WPmY4Yp3FJk
Spurs star Jan Vertonghen gets NFL tips - BBC Sport,https://www.youtube.com/watch?v=9V0-UWTZrKo
Formula 1: How fit does a driver need to be? - BBC Sport,https://www.youtube.com/watch?v=zd2A6-OA5tI
Chelsea keepers' NFL challenge - BBC Sport,https://www.youtube.com/watch?v=fHLsGvAgvmE
Bob Bradley and the Premier League's American trailblazers - BBC Sport,https://www.youtube.com/watch?v=RqRIBFsOJIE
How did Tottenham beat Manchester City? - Match of the Day 3 - BBC Sport,https://www.youtube.com/watch?v=5QxXzyRN-D0
Formula 1: What's it like to drive a car in the rain? - BBC Sport,https://www.youtube.com/watch?v=IATFb4rfwjA
What lasted longer than Sam Allardyce as England boss? - BBC Sport,https://www.youtube.com/watch?v=w7lAkt2s0Vw
Pro tips: How to hit the perfect pass - BBC Sport,https://www.youtube.com/watch?v=hUMgCxkQ8xM
Are West Ham 'carrying' too many players? - Match of the Day 3 - BBC Sport,https://www.youtube.com/watch?v=m8Zhe5934lU
Is this the most outrageous hair in sport? - BBC Sport,https://www.youtube.com/watch?v=2mjSms7phl8
Meet the 12-year-old-darts sensation - BBC Sport,https://www.youtube.com/watch?v=cBRdy5douIs
BBC stars compete in 9-dart challenge - BBC Sport,https://www.youtube.com/watch?v=_GzVwla6YAU
Pro tips: How to receive the ball - BBC Sport,https://www.youtube.com/watch?v=iaW6MKhr0ds
Learn how to Bollywood Dance! Part 3 - BBC Sport,https://www.youtube.com/watch?v=uHo6tOyXSs0
Learn how to Bollywood Dance! Part 1 - BBC Sport,https://www.youtube.com/watch?v=3NomZw-KD34
Learn how to Bollywood Dance! Part 2 - BBC Sport,https://www.youtube.com/watch?v=8CdZ6ifznQs
Learn how to Bollywood Dance! Part 4 - BBC Sport,https://www.youtube.com/watch?v=-qV6YcvubAQ
Christian Fuchs dreams of being NFL kicker - BBC Sport,https://www.youtube.com/watch?v=4TBDinI97gk
What's wrong with Man Utd? - Match of the Day 3 - BBC Sport,https://www.youtube.com/watch?v=eNHipJx7AGM
Charlie Sloth's favourite football rappers - BBC Sport,https://www.youtube.com/watch?v=vWcClx5rgC8
Pro tips: How to create space - BBC Sport,https://www.youtube.com/watch?v=0e3pYiscI5k
Roller Derby: The rules - BBC Sport,https://www.youtube.com/watch?v=cjkJfjTe-Ds
Roller Derby: How to hit - BBC Sport,https://www.youtube.com/watch?v=ckkm17f61E4
Roller Derby: How to stop - BBC Sport,https://www.youtube.com/watch?v=5t1ivxDHLdA
Pro tips: How to volley - BBC Sport,https://www.youtube.com/watch?v=huu4G0M7ScA
"BBC Test Match Special Audio - England v Pakistan, NatWest International T20",https://www.youtube.com/watch?v=0X1SzO8uXqs
Paralympics 2016: 3 things about Jonnie Peacock - BBC Sport,https://www.youtube.com/watch?v=JTJatcULM5w
Paralympics 2016: 3 things about Lauren Steadman - BBC Sport,https://www.youtube.com/watch?v=8IXM6VbTeMQ
Paralympics 2016: Pam Relph's rowing crew mates - BBC Sport,https://www.youtube.com/watch?v=nFj1WXc1sO4
"BBC Test Match Special Audio - England v Pakistan, 5th Royal London ODI",https://www.youtube.com/watch?v=Y09mivs3ytk
Paralympics 2016: Get to know the GB wheelchair basketball team - BBC Sport,https://www.youtube.com/watch?v=LPSaIYROypM
Paralympics 2016: 3 things about David Weir - BBC Sport,https://www.youtube.com/watch?v=RRowFtNTeTY
"BBC Test Match Special Audio - England v Pakistan, 4th Royal London ODI",https://www.youtube.com/watch?v=_MmJqgVZqBc
Paralympics 2016: 3 things about Gordon Reid - BBC Sport,https://www.youtube.com/watch?v=oGSFYZMGCzk
Paralympics 2016: 3 things about Sophie Thornhill & Helen Scott - BBC Sport,https://www.youtube.com/watch?v=OJRKcqR4h8w
"BBC Test Match Special Audio - England v Pakistan, 3rd Royal London ODI",https://www.youtube.com/watch?v=eSPoYmxm_ew
Transfer deadline day - Jake Yapp's alternative take - BBC Sport,https://www.youtube.com/watch?v=-As9yNGrOu0
"BBC Test Match Special Audio - England v Pakistan, 2nd Royal London ODI",https://www.youtube.com/watch?v=6XCAsum8rJ4
"BBC Test Match Special Audio - England v Pakistan, 1st Royal London ODI",https://www.youtube.com/watch?v=5BYQoVi5JMg
"BBC Test Match Special Audio - England v Pakistan, 4th Investec Test",https://www.youtube.com/watch?v=Kabb9kc8sXQ
Gary Lineker presents Match of the Day in his pants - BBC Sport,https://www.youtube.com/watch?v=jvWNghDy4Jo
"BBC Test Match Special Audio - England v Pakistan, 4th Investec Test",https://www.youtube.com/watch?v=WFtNq5KzDOI
Jazz Carlin’s Rio Postcard - Olympic Games Rio 2016 - BBC Sport,https://www.youtube.com/watch?v=vNAmQQYhSoc
"BBC Test Match Special Audio - England v Pakistan, 4th Investec Test",https://www.youtube.com/watch?v=Ctut9tT-8Cs
Vicky Thornley and Katherine Grainger's Rio Postcard - Olympic Games Rio 2016 - BBC Sport,https://www.youtube.com/watch?v=X-LzrDP8b1Y
Chris Froome's snake encounter - Olympic Games Rio 2016 - BBC Sport,https://www.youtube.com/watch?v=yoKRcEIbzj4
Getting to know Joe Clarke - Olympic Games Rio 2016 - BBC Sport,https://www.youtube.com/watch?v=zfOlLQWYihA
"BBC Test Match Special Audio - England v Pakistan, 4th Investec Test",https://www.youtube.com/watch?v=zvGFmJz8eno
Daniel Goodfellow's Rio Postcard - Olympic Games Rio 2016 - BBC Sport,https://www.youtube.com/watch?v=mtZup7dLens
Why are the Olympic diving pools green? Olympic Games Rio 2016 - BBC Sport,https://www.youtube.com/watch?v=cR9OAD2ocxE
Fan serenades Usain Bolt at press conference - Olympic Games Rio 2016 - BBC Sport,https://www.youtube.com/watch?v=ZUkFeMaIrGM
Steve Redgrave's Gold Medal Guide - Olympic Games Rio 2016 - BBC Sport,https://www.youtube.com/watch?v=nzysKmCHJl8
Usain Bolt's crazy press conference - Olympic Games Rio 2016 - BBC Sport,https://www.youtube.com/watch?v=PYFK_2tH0Ek
Team GB love and Dr Holland - Olympic Games Rio 2016 - BBC Sport,https://www.youtube.com/watch?v=eH6fnm1WqQs
Meet Dr Holland - Olympic Games Rio 2016 - BBC Sport,https://www.youtube.com/watch?v=4zMcyBiyWXU
"BBC Test Match Special Audio - England v Pakistan, 3rd Investec Test",https://www.youtube.com/watch?v=6bLs3906btE
Redgrave and Cracknell go head-to-head - Olympic Games Rio 2016 - BBC Sport,https://www.youtube.com/watch?v=H1eOLenog5k
"Skills, fancy dress and bike envy - Olympic Games Rio 2016 - BBC Sport",https://www.youtube.com/watch?v=bjsiI195LG8
"BBC Test Match Special Audio - England v Pakistan, 3rd Investec Test",https://www.youtube.com/watch?v=cc0TBEaIXss
Honeymooners and Tom Daley’s Swiss fan club - Olympic Games Rio 2016 - BBC Sport,https://www.youtube.com/watch?v=WtFD-We5AME
"BBC Test Match Special Audio - England v Pakistan, 3rd Investec Test",https://www.youtube.com/watch?v=R3XL0QBp5Vg
Copacabana Studio Tour - Olympic Games Rio 2016 - BBC Sport,https://www.youtube.com/watch?v=f4QMh9k9hkE
Rio 2016 Olympics: Downie sisters' office crazy golf challenge - BBC Sport,https://www.youtube.com/watch?v=vxQYy6HkS60
How To Watch Football In Brazil - Olympic Games Rio 2016 - BBC Sport,https://www.youtube.com/watch?v=4zTUqDQ8En0
Trott answers our silly questions - Olympic Games Rio 2016 - BBC Sport,https://www.youtube.com/watch?v=QU3gSBtCyRw
James Guy answers our silly questions - Olympic Games Rio 2016 - BBC Sport,https://www.youtube.com/watch?v=voCv9gUO2PU
"Smith talks clones, pepperoni & crushes - Olympic Games Rio 2016 - BBC Sport",https://www.youtube.com/watch?v=LD_XKxGXEPI
"BBC Test Match Special Audio - England v Pakistan, 3rd Investec Test",https://www.youtube.com/watch?v=Ufx4AZDQK9g
Olympics First Timer: Gymnast Nile Wilson - Olympic Games Rio 2016 - BBC Sport,https://www.youtube.com/watch?v=sJ1f-oxD42g
"Skills, strength and Beyonce in our Pastel do Dia - Olympic Games Rio 2016 - BBC Sport",https://www.youtube.com/watch?v=LPysQJNE9sg
"BBC Test Match Special Audio - England v Pakistan, 3rd Investec Test",https://www.youtube.com/watch?v=LI-SiVzixsg
Rio 2016 Olympics: Lily Owsley and Blue Peter's Lyndsey do keepy-up challenge - BBC Sport,https://www.youtube.com/watch?v=lJQ_klq8eFw
Olympics First Timer: Boxer Galal Yafai - Olympic Games Rio 2016 - BBC Sport,https://www.youtube.com/watch?v=SvikpMlOSog
Pastel do Dia (Pasty of the Day) featuring Vivianne - Olympic Games Rio 2016 - BBC Sport,https://www.youtube.com/watch?v=DM3e2EoQrdY
Olympics First Timer: Skeet Shooter Amber Hill - Olympic Games Rio 2016 - BBC Sport,https://www.youtube.com/watch?v=GACYKRUv6wk
Team GB's Brazilian training camp - Olympic Games Rio 2016 - BBC Sport,https://www.youtube.com/watch?v=gkKzhO-3vQw
Olympics First Timer: BMX star Kyle Evans - Olympic Games Rio 2016 - BBC Sport,https://www.youtube.com/watch?v=7cri_-Qbnd0
Rio 2016 Olympics: Non Stanford and Vicky Holland's transition challenge - BBC Sport,https://www.youtube.com/watch?v=rEtZFr8j7v0
Rio 2016 Olympics: Nile Wilson's Rubik's cube skills - BBC Sport,https://www.youtube.com/watch?v=UMVSzXfOoQ4
Rio 2016 Olympics: Francesca Halsall's 'Barbie Girl' embarrassment - BBC Sport,https://www.youtube.com/watch?v=k7u_MtqSJGE
Sam Allardyce's first appearance as England manager - BBC Sport,https://www.youtube.com/watch?v=akQMtgq7Nvo
"BBC Test Match Special Audio - England v Pakistan, 2nd Investec Test",https://www.youtube.com/watch?v=YY1eFrbEp54
Usain Bolt meets Michael Johnson - BBC Sport,https://www.youtube.com/watch?v=t1np3JxsDFs
"BBC Test Match Special Audio - England v Pakistan, 2nd Investec Test",https://www.youtube.com/watch?v=cGZ_MxGOG88
Sam Allardyce: England manager - BBC Sport,https://www.youtube.com/watch?v=4ZHEuWjK6-U
"BBC Test Match Special Audio - England v Pakistan, 2nd Investec Test",https://www.youtube.com/watch?v=mlJxliOrG2M
"BBC Test Match Special Audio - England v Pakistan, 2nd Investec Test",https://www.youtube.com/watch?v=dz-QXP3cj1o
Rio 2016 Olympics: Katarina Johnson-Thompson's Pop Idol moment - BBC Sport,https://www.youtube.com/watch?v=mM7UUW1l1Mo
"BBC Test Match Special Audio - England v Pakistan, 1st Investec Test",https://www.youtube.com/watch?v=UxwhW4uIvEA
Rio 2016 Olympics: 3 things about the Brownlee brothers - BBC Sport,https://www.youtube.com/watch?v=t7_GFLpvdVY
Olympics 2016 on the BBC - The Greatest Show on Earth - BBC Sport,https://www.youtube.com/watch?v=EkRVqn5gZJY
Euro 2016: Fans recreate most memorable moments - BBC Sport,https://www.youtube.com/watch?v=f_-DylHl7Vs
Wimbledon 2016: Incredible tricks feature in #Wimbleskills top 10 - BBC Sport,https://www.youtube.com/watch?v=ph23jAkvHoM
Wimbledon 2016: Tim Henman and Simon Mundie's Geek-Off - BBC Sport,https://www.youtube.com/watch?v=eYgALgiM7sE
Wimbledon 2016: SW19 fans try and match Williams sisters' serves - BBC Sport,https://www.youtube.com/watch?v=MRuyAXZBSTY
Euro 2016: Wales fans get interrupted by Portugal celebrations - BBC Sport,https://www.youtube.com/watch?v=yNFpTNYsgrQ
Wimbledon 2016: Barry Davies' commentary masterclass - BBC Sport,https://www.youtube.com/watch?v=sVyITnIIa2Q
Jose Mourinho arrives at Manchester United - BBC Sport,https://www.youtube.com/watch?v=Mf6SzCHXgmU
Rio 2016 Olympics: Charley Hull's favourite Doctor Who - BBC Sport,https://www.youtube.com/watch?v=FYWgzUF9jDA
Wimbledon 2016: A fans' guide to SW19 - BBC Sport,https://www.youtube.com/watch?v=x4B5SfUvYNM
Euro 2016: Who are the Wales heroes? - BBC Sport,https://www.youtube.com/watch?v=GiJ2t-v-tM8
Wimbledon 2016: Amazing freestyle #Wimbleskills from tennis fans - BBC Sport,https://www.youtube.com/watch?v=bd8-qBrvimc
Wimbledon 2016: Nick Bright's funny Wimbledon Bingo challenge - BBC Sport,https://www.youtube.com/watch?v=gIrtbt0Rr_4
Euro 2016: Release your inner viking! - BBC Sport,https://www.youtube.com/watch?v=T0bncb4tlaM
Wimbledon 2016: Fans explain their SW19 fashion choices - BBC Sport,https://www.youtube.com/watch?v=LtigiyWiaSo
Wimbledon 2016: Dan Evans kicks our #Wimbleskills ball off the roof! - BBC Sport,https://www.youtube.com/watch?v=q_M7pVriN9k
Wimbledon 2016: Radio 1's Greg James and Craig David do #Wimbleskills - BBC Sport,https://www.youtube.com/watch?v=YRiwbTENu1Q
Euro 2016: Him & Me: John Hartson & Neil Lennon - BBC Sport,https://www.youtube.com/watch?v=MhFmclm4xs8
Wimbledon 2016: How to beat the SW19 rain with Jeff Tarango - BBC Sport,https://www.youtube.com/watch?v=7wgvu747SFw
"Wimbledon 2016: F2 Freestylers, Kei Nishikori and Marcus Willis show their skills - BBC Sport",https://www.youtube.com/watch?v=Swf7kQWuYrs
Euro 2016: Bale or Ronaldo? - BBC Sport,https://www.youtube.com/watch?v=1ZteE3ia_zg
Wimbledon 2016: Meet the Marcus Willis superfans - BBC Sport,https://www.youtube.com/watch?v=FlkMk1ReRww
"Wimbledon 2016: F2 Freestylers with Roger Federer, Garbine Muguruza and Andy Murray -  BBC Sport",https://www.youtube.com/watch?v=43fWbgWEjnQ
Wimbledon: Serena Williams career timeline - BBC Sport,https://www.youtube.com/watch?v=CxEfY1rEPbs
Marcus Willis' tips for smashing your Wimbledon debut - BBC Sport,https://www.youtube.com/watch?v=hOzS0Azdp3w
Euro 2016: England fans react to shock defeat to Iceland - BBC Sport,https://www.youtube.com/watch?v=MryuM1oTA9g
Euro 2016: England lose to Iceland reaction - BBC Sport,https://www.youtube.com/watch?v=KTjDxHTlzg0
Wimbledon: Getting to know Garbine Muguruza - BBC Sport,https://www.youtube.com/watch?v=vc4iO7cS3cQ
Euro 2016: England fans try to identify Iceland players - BBC Sport,https://www.youtube.com/watch?v=zo_VlBQvDag
Euro 2016: Is England's Joe Hart the best keeper in Europe? - BBC Sport,https://www.youtube.com/watch?v=ASSI4GoiXN4
Euro 2016: Say What You See - BBC Sport,https://www.youtube.com/watch?v=Yt5Veqju7Mk
Rio 2016 Olympics: 3 things about Dina Asher-Smith - BBC Sport,https://www.youtube.com/watch?v=zSuguk6dKPY
Euro 2016: Fans dress up as stars past & present  - BBC Sport,https://www.youtube.com/watch?v=qSzsPK4sSPA
Euro 2016: Wales fan proposes to English girlfriend - BBC Sport,https://www.youtube.com/watch?v=XPUZPSu8LHQ
Rio 2016 Paralympics: Three things about Tully Kearney - BBC Sport,https://www.youtube.com/watch?v=nld2Q37O-Gw
Euros 2016 - Northern Irish and Irish Football explained - BBC Sport,https://www.youtube.com/watch?v=pX8lqC-uw9Q
Euro 2016: Zlatan Ibrahimovic in one word - BBC Sport,https://www.youtube.com/watch?v=pNZ8_5BVfks
Euro 2016: N.Ireland fans try to identify Poland players - BBC Sport,https://www.youtube.com/watch?v=XfmkfNGCX38
Euro 2016: David Guetta talks football - BBC Sport,https://www.youtube.com/watch?v=hTUjrOf2THs
Adebayor's phone rings during Match of the Day - TV fails - BBC Sport,https://www.youtube.com/watch?v=XI5bf9nV8dQ
When the lights went out on Dan Walker - TV fails - BBC Sport,https://www.youtube.com/watch?v=KjHRXLHzx48
Fire alarm goes off during live Football Focus TV broadcast - TV fails - BBC Sport,https://www.youtube.com/watch?v=i68fVnbWefY
Dan Walker accidently wipes away Wrexham history - TV fails - BBC Sport,https://www.youtube.com/watch?v=lcNethvUwO8
Iain Dowie interrupts Gary Lineker on Match of the Day - TV fails - BBC Sport,https://www.youtube.com/watch?v=OvOWzvoEOW8
Alan Hansen's phone rings during Match of the Day - BBC Sport,https://www.youtube.com/watch?v=GuLJIVWE37U
Workman interrupts BBC's Euro 2016 filming - TV fails - BBC Sport,https://www.youtube.com/watch?v=MK3Mw3Ykj5I
Euro 2016: Players to watch - BBC Sport,https://www.youtube.com/watch?v=svSgxUjTWVo
Euro 2016: Who will win? - BBC Sport,https://www.youtube.com/watch?v=Z4WX7o5efC8
Rio 2016 Olympics: 3 things about Non Stanford & Vicky Holland - BBC Sport,https://www.youtube.com/watch?v=dSZ5NbEgziU
Euro 2016: How will Northern Ireland fare? - BBC Sport,https://www.youtube.com/watch?v=tiqa8toNWwQ
Euro 2016: How will England fare? - BBC Sport,https://www.youtube.com/watch?v=nno9uY0WWqQ
Euro 2016: How will Wales fare? - BBC Sport,https://www.youtube.com/watch?v=SRGcJHP5QBM
Classic Jose Mourinho quotes - BBC Sport,https://www.youtube.com/watch?v=uhUZ9czEZ2E
Rio 2016 Olympics: 3 things about Nicola Adams - BBC Sport,https://www.youtube.com/watch?v=R5EVQbo291g
Euro 2016: Match of the Day pundits attempt to speak French - BBC Sport,https://www.youtube.com/watch?v=LntgjFmGFM4
"Euro 2016 on the BBC - Liberté, Égalité, Footé - BBC Sport",https://www.youtube.com/watch?v=-zDXxQpuRCg
20-year-olds react to... Match of the Day pundits as players - BBC Sport,https://www.youtube.com/watch?v=iUlkCr7SoPI
20-year-olds react to... Euro 96 - BBC Sport,https://www.youtube.com/watch?v=ZPhYH20ESzk
20-year-olds react to... Terrible football kits - BBC Sport,https://www.youtube.com/watch?v=0FBo4No5gHk
Rio 2016 Olympics: 3 things about Laura Trott  - BBC Sport,https://www.youtube.com/watch?v=agdMnX0-lRo
Louis van Gaal's funniest quotes - BBC Sport,https://www.youtube.com/watch?v=cfpN_8U18SU
Who scouts players for Football Manager? - BBC Sport,https://www.youtube.com/watch?v=4zY9eZJPlGQ
Wembley Stadium FA Cup magic trick - BBC Sport,https://www.youtube.com/watch?v=7nL-_w4KuMI
360-degree behind the scenes at Wembley - FA Cup semi-final - BBC Sport,https://www.youtube.com/watch?v=EsV-PDPbjT4
"5 brilliant FA Cup dribbles, featuring Ryan Giggs - BBC Sport",https://www.youtube.com/watch?v=HJ5csarW--Y
"5 brilliant FA Cup freekicks, featuring Gazza - BBC Sport",https://www.youtube.com/watch?v=tim6RNmPeHs
5 brilliant FA Cup headers - BBC Sport,https://www.youtube.com/watch?v=s3AyovPjqdA
"5 brilliant FA Cup saves, featuring Peter Schmeichel - BBC Sport",https://www.youtube.com/watch?v=u9ypVHnr1cU
"5 brilliant FA Cup volleys, featuring Eric Cantona - BBC Sport",https://www.youtube.com/watch?v=LM-TBbuhH4A
Fifa 16 legend Adebayo Akinfenwa meets BBC Sport,https://www.youtube.com/watch?v=ceb_ZVQfjo4
